"Time","Sensor_No","Analog_Read","Voltage_mV","Temperature_degC"
"5.6.2023 14:51:38",1,201,603,10.3
"5.6.2023 14:51:38",2,199,597,9.7
"5.6.2023 14:51:38",3,202,606,10.6
"5.6.2023 14:51:38",4,202,606,10.6
"5.6.2023 14:51:56",1,201,603,10.3
"5.6.2023 14:51:56",2,201,603,10.3
"5.6.2023 14:51:56",3,203,609,10.9
"5.6.2023 14:51:56",4,201,603,10.3
"5.6.2023 14:52:2",1,200,600,10
"5.6.2023 14:52:2",2,199,597,9.7
"5.6.2023 14:52:2",3,202,606,10.6
"5.6.2023 14:52:2",4,201,603,10.3
"5.6.2023 14:52:8",1,201,603,10.3
"5.6.2023 14:52:8",2,200,600,10
"5.6.2023 14:52:8",3,202,606,10.6
"5.6.2023 14:52:8",4,202,606,10.6
"5.6.2023 14:52:15",1,201,603,10.3
"5.6.2023 14:52:15",2,200,600,10
"5.6.2023 14:52:15",3,202,606,10.6
"5.6.2023 14:52:15",4,201,603,10.3
"5.6.2023 14:52:21",1,202,606,10.6
"5.6.2023 14:52:21",2,200,600,10
"5.6.2023 14:52:21",3,202,606,10.6
"5.6.2023 14:52:21",4,201,603,10.3
"5.6.2023 14:52:27",1,201,603,10.3
"5.6.2023 14:52:27",2,201,603,10.3
"5.6.2023 14:52:27",3,202,606,10.6
"5.6.2023 14:52:27",4,201,603,10.3
"5.6.2023 14:52:33",1,202,606,10.6
"5.6.2023 14:52:33",2,201,603,10.3
"5.6.2023 14:52:33",3,202,606,10.6
"5.6.2023 14:52:33",4,202,606,10.6
"5.6.2023 14:52:39",1,200,600,10
"5.6.2023 14:52:39",2,199,597,9.7
"5.6.2023 14:52:39",3,203,609,10.9
"5.6.2023 14:52:39",4,201,603,10.3
"5.6.2023 14:52:46",1,200,600,10
"5.6.2023 14:52:46",2,199,597,9.7
"5.6.2023 14:52:46",3,203,609,10.9
"5.6.2023 14:52:46",4,202,606,10.6
"5.6.2023 14:52:52",1,200,600,10
"5.6.2023 14:52:52",2,199,597,9.7
"5.6.2023 14:52:52",3,202,606,10.6
"5.6.2023 14:52:52",4,201,603,10.3
"5.6.2023 14:52:58",1,201,603,10.3
"5.6.2023 14:52:58",2,200,600,10
"5.6.2023 14:52:58",3,203,609,10.9
"5.6.2023 14:52:58",4,202,606,10.6
"5.6.2023 14:53:4",1,202,606,10.6
"5.6.2023 14:53:4",2,199,597,9.7
"5.6.2023 14:53:4",3,205,615,11.5
"5.6.2023 14:53:4",4,202,606,10.6
"5.6.2023 14:53:10",1,202,606,10.6
"5.6.2023 14:53:10",2,200,600,10
"5.6.2023 14:53:10",3,202,606,10.6
"5.6.2023 14:53:10",4,201,603,10.3
"5.6.2023 14:53:16",1,201,603,10.3
"5.6.2023 14:53:16",2,200,600,10
"5.6.2023 14:53:16",3,203,609,10.9
"5.6.2023 14:53:16",4,202,606,10.6
"5.6.2023 14:53:23",1,203,609,10.9
"5.6.2023 14:53:23",2,200,600,10
"5.6.2023 14:53:23",3,202,606,10.6
"5.6.2023 14:53:23",4,202,606,10.6
"5.6.2023 14:53:29",1,201,603,10.3
"5.6.2023 14:53:29",2,201,603,10.3
"5.6.2023 14:53:29",3,204,612,11.2
"5.6.2023 14:53:29",4,201,603,10.3
"5.6.2023 14:53:35",1,202,606,10.6
"5.6.2023 14:53:35",2,200,600,10
"5.6.2023 14:53:35",3,202,606,10.6
"5.6.2023 14:53:35",4,202,606,10.6
"5.6.2023 14:53:41",1,202,606,10.6
"5.6.2023 14:53:41",2,200,600,10
"5.6.2023 14:53:41",3,203,609,10.9
"5.6.2023 14:53:41",4,203,609,10.9
"5.6.2023 14:53:47",1,201,603,10.3
"5.6.2023 14:53:47",2,200,600,10
"5.6.2023 14:53:47",3,203,609,10.9
"5.6.2023 14:53:47",4,201,603,10.3
"5.6.2023 14:53:54",1,202,606,10.6
"5.6.2023 14:53:54",2,201,603,10.3
"5.6.2023 14:53:54",3,204,612,11.2
"5.6.2023 14:53:54",4,202,606,10.6
"5.6.2023 14:54:0",1,200,600,10
"5.6.2023 14:54:0",2,200,600,10
"5.6.2023 14:54:0",3,203,609,10.9
"5.6.2023 14:54:0",4,201,603,10.3
"5.6.2023 14:54:6",1,203,609,10.9
"5.6.2023 14:54:6",2,200,600,10
"5.6.2023 14:54:6",3,202,606,10.6
"5.6.2023 14:54:6",4,201,603,10.3
"5.6.2023 14:54:12",1,201,603,10.3
"5.6.2023 14:54:12",2,200,600,10
"5.6.2023 14:54:12",3,202,606,10.6
"5.6.2023 14:54:12",4,202,606,10.6
"5.6.2023 14:54:18",1,201,603,10.3
"5.6.2023 14:54:18",2,199,597,9.7
"5.6.2023 14:54:18",3,203,609,10.9
"5.6.2023 14:54:18",4,201,603,10.3
"5.6.2023 14:54:24",1,201,603,10.3
"5.6.2023 14:54:24",2,199,597,9.7
"5.6.2023 14:54:24",3,203,609,10.9
"5.6.2023 14:54:24",4,201,603,10.3
"5.6.2023 14:54:31",1,201,603,10.3
"5.6.2023 14:54:31",2,199,597,9.7
"5.6.2023 14:54:31",3,203,609,10.9
"5.6.2023 14:54:31",4,202,606,10.6
"5.6.2023 14:54:37",1,201,603,10.3
"5.6.2023 14:54:37",2,201,603,10.3
"5.6.2023 14:54:37",3,202,606,10.6
"5.6.2023 14:54:37",4,202,606,10.6
"5.6.2023 14:54:43",1,201,603,10.3
"5.6.2023 14:54:43",2,199,597,9.7
"5.6.2023 14:54:43",3,202,606,10.6
"5.6.2023 14:54:43",4,202,606,10.6
"5.6.2023 14:54:49",1,201,603,10.3
"5.6.2023 14:54:49",2,200,600,10
"5.6.2023 14:54:49",3,202,606,10.6
"5.6.2023 14:54:49",4,201,603,10.3
"5.6.2023 14:54:55",1,201,603,10.3
"5.6.2023 14:54:55",2,199,597,9.7
"5.6.2023 14:54:55",3,203,609,10.9
"5.6.2023 14:54:55",4,202,606,10.6
"5.6.2023 14:55:1",1,202,606,10.6
"5.6.2023 14:55:1",2,201,603,10.3
"5.6.2023 14:55:1",3,203,609,10.9
"5.6.2023 14:55:1",4,201,603,10.3
"5.6.2023 14:55:8",1,201,603,10.3
"5.6.2023 14:55:8",2,200,600,10
"5.6.2023 14:55:8",3,203,609,10.9
"5.6.2023 14:55:8",4,202,606,10.6
"5.6.2023 14:55:14",1,202,606,10.6
"5.6.2023 14:55:14",2,200,600,10
"5.6.2023 14:55:14",3,203,609,10.9
"5.6.2023 14:55:14",4,202,606,10.6
"5.6.2023 14:55:20",1,200,600,10
"5.6.2023 14:55:20",2,200,600,10
"5.6.2023 14:55:20",3,203,609,10.9
"5.6.2023 14:55:20",4,204,612,11.2
"5.6.2023 14:55:26",1,196,588,8.8
"5.6.2023 14:55:26",2,196,588,8.8
"5.6.2023 14:55:26",3,203,609,10.9
"5.6.2023 14:55:26",4,201,603,10.3
"5.6.2023 14:55:32",1,201,603,10.3
"5.6.2023 14:55:32",2,198,594,9.4
"5.6.2023 14:55:32",3,203,609,10.9
"5.6.2023 14:55:32",4,200,600,10
"5.6.2023 14:55:39",1,201,603,10.3
"5.6.2023 14:55:39",2,200,600,10
"5.6.2023 14:55:39",3,203,609,10.9
"5.6.2023 14:55:39",4,201,603,10.3
"5.6.2023 14:55:45",1,200,600,10
"5.6.2023 14:55:45",2,201,603,10.3
"5.6.2023 14:55:45",3,201,603,10.3
"5.6.2023 14:55:45",4,201,603,10.3
"5.6.2023 14:55:51",1,202,606,10.6
"5.6.2023 14:55:51",2,199,597,9.7
"5.6.2023 14:55:51",3,203,609,10.9
"5.6.2023 14:55:51",4,201,603,10.3
"5.6.2023 14:55:57",1,200,600,10
"5.6.2023 14:55:57",2,201,603,10.3
"5.6.2023 14:55:57",3,203,609,10.9
"5.6.2023 14:55:57",4,201,603,10.3
"5.6.2023 14:56:3",1,201,603,10.3
"5.6.2023 14:56:3",2,201,603,10.3
"5.6.2023 14:56:3",3,203,609,10.9
"5.6.2023 14:56:3",4,202,606,10.6
"5.6.2023 14:56:9",1,202,606,10.6
"5.6.2023 14:56:9",2,200,600,10
"5.6.2023 14:56:9",3,202,606,10.6
"5.6.2023 14:56:9",4,202,606,10.6
"5.6.2023 14:56:16",1,201,603,10.3
"5.6.2023 14:56:16",2,200,600,10
"5.6.2023 14:56:16",3,203,609,10.9
"5.6.2023 14:56:16",4,201,603,10.3
"5.6.2023 14:56:22",1,201,603,10.3
"5.6.2023 14:56:22",2,201,603,10.3
"5.6.2023 14:56:22",3,202,606,10.6
"5.6.2023 14:56:22",4,201,603,10.3
"5.6.2023 14:56:28",1,201,603,10.3
"5.6.2023 14:56:28",2,200,600,10
"5.6.2023 14:56:28",3,203,609,10.9
"5.6.2023 14:56:28",4,203,609,10.9
"5.6.2023 14:56:34",1,201,603,10.3
"5.6.2023 14:56:34",2,201,603,10.3
"5.6.2023 14:56:34",3,203,609,10.9
"5.6.2023 14:56:34",4,201,603,10.3
"5.6.2023 14:56:40",1,201,603,10.3
"5.6.2023 14:56:40",2,200,600,10
"5.6.2023 14:56:40",3,203,609,10.9
"5.6.2023 14:56:40",4,200,600,10
"5.6.2023 14:56:46",1,201,603,10.3
"5.6.2023 14:56:46",2,200,600,10
"5.6.2023 14:56:46",3,203,609,10.9
"5.6.2023 14:56:46",4,201,603,10.3
"5.6.2023 14:56:53",1,202,606,10.6
"5.6.2023 14:56:53",2,199,597,9.7
"5.6.2023 14:56:53",3,203,609,10.9
"5.6.2023 14:56:53",4,202,606,10.6
"5.6.2023 14:56:59",1,205,615,11.5
"5.6.2023 14:56:59",2,200,600,10
"5.6.2023 14:56:59",3,203,609,10.9
"5.6.2023 14:56:59",4,203,609,10.9
"5.6.2023 14:57:5",1,201,603,10.3
"5.6.2023 14:57:5",2,200,600,10
"5.6.2023 14:57:5",3,203,609,10.9
"5.6.2023 14:57:5",4,201,603,10.3
"5.6.2023 14:57:11",1,202,606,10.6
"5.6.2023 14:57:11",2,201,603,10.3
"5.6.2023 14:57:11",3,203,609,10.9
"5.6.2023 14:57:11",4,202,606,10.6
"5.6.2023 14:57:17",1,201,603,10.3
"5.6.2023 14:57:17",2,200,600,10
"5.6.2023 14:57:17",3,204,612,11.2
"5.6.2023 14:57:17",4,202,606,10.6
"5.6.2023 14:57:24",1,202,606,10.6
"5.6.2023 14:57:24",2,201,603,10.3
"5.6.2023 14:57:24",3,205,615,11.5
"5.6.2023 14:57:24",4,202,606,10.6
"5.6.2023 14:57:30",1,202,606,10.6
"5.6.2023 14:57:30",2,201,603,10.3
"5.6.2023 14:57:30",3,204,612,11.2
"5.6.2023 14:57:30",4,202,606,10.6
"5.6.2023 14:57:36",1,202,606,10.6
"5.6.2023 14:57:36",2,200,600,10
"5.6.2023 14:57:36",3,204,612,11.2
"5.6.2023 14:57:36",4,201,603,10.3
"5.6.2023 14:57:42",1,202,606,10.6
"5.6.2023 14:57:42",2,200,600,10
"5.6.2023 14:57:42",3,203,609,10.9
"5.6.2023 14:57:42",4,201,603,10.3
"5.6.2023 14:57:48",1,202,606,10.6
"5.6.2023 14:57:48",2,200,600,10
"5.6.2023 14:57:48",3,203,609,10.9
"5.6.2023 14:57:48",4,201,603,10.3
"5.6.2023 14:57:54",1,204,612,11.2
"5.6.2023 14:57:54",2,200,600,10
"5.6.2023 14:57:54",3,203,609,10.9
"5.6.2023 14:57:54",4,201,603,10.3
"5.6.2023 14:58:1",1,201,603,10.3
"5.6.2023 14:58:1",2,201,603,10.3
"5.6.2023 14:58:1",3,203,609,10.9
"5.6.2023 14:58:1",4,201,603,10.3
"5.6.2023 14:58:7",1,202,606,10.6
"5.6.2023 14:58:7",2,200,600,10
"5.6.2023 14:58:7",3,203,609,10.9
"5.6.2023 14:58:7",4,203,609,10.9
"5.6.2023 14:58:13",1,201,603,10.3
"5.6.2023 14:58:13",2,200,600,10
"5.6.2023 14:58:13",3,203,609,10.9
"5.6.2023 14:58:13",4,200,600,10
"5.6.2023 14:58:20",1,202,606,10.6
"5.6.2023 14:58:20",2,201,603,10.3
"5.6.2023 14:58:20",3,203,609,10.9
"5.6.2023 14:58:20",4,201,603,10.3
"5.6.2023 14:58:26",1,201,603,10.3
"5.6.2023 14:58:26",2,200,600,10
"5.6.2023 14:58:26",3,203,609,10.9
"5.6.2023 14:58:26",4,203,609,10.9
"5.6.2023 14:58:32",1,201,603,10.3
"5.6.2023 14:58:32",2,200,600,10
"5.6.2023 14:58:32",3,203,609,10.9
"5.6.2023 14:58:32",4,202,606,10.6
"5.6.2023 14:58:38",1,201,603,10.3
"5.6.2023 14:58:38",2,200,600,10
"5.6.2023 14:58:38",3,201,603,10.3
"5.6.2023 14:58:38",4,202,606,10.6
"5.6.2023 14:58:44",1,202,606,10.6
"5.6.2023 14:58:44",2,200,600,10
"5.6.2023 14:58:44",3,200,600,10
"5.6.2023 14:58:44",4,202,606,10.6
"5.6.2023 14:58:50",1,202,606,10.6
"5.6.2023 14:58:50",2,200,600,10
"5.6.2023 14:58:50",3,201,603,10.3
"5.6.2023 14:58:50",4,202,606,10.6
"5.6.2023 14:58:57",1,202,606,10.6
"5.6.2023 14:58:57",2,201,603,10.3
"5.6.2023 14:58:57",3,203,609,10.9
"5.6.2023 14:58:57",4,202,606,10.6
"5.6.2023 14:59:3",1,201,603,10.3
"5.6.2023 14:59:3",2,200,600,10
"5.6.2023 14:59:3",3,203,609,10.9
"5.6.2023 14:59:3",4,200,600,10
"5.6.2023 14:59:9",1,202,606,10.6
"5.6.2023 14:59:9",2,198,594,9.4
"5.6.2023 14:59:9",3,203,609,10.9
"5.6.2023 14:59:9",4,202,606,10.6
"5.6.2023 14:59:16",1,202,606,10.6
"5.6.2023 14:59:16",2,200,600,10
"5.6.2023 14:59:16",3,202,606,10.6
"5.6.2023 14:59:16",4,202,606,10.6
"5.6.2023 14:59:22",1,201,603,10.3
"5.6.2023 14:59:22",2,199,597,9.7
"5.6.2023 14:59:22",3,203,609,10.9
"5.6.2023 14:59:22",4,202,606,10.6
"5.6.2023 14:59:29",1,202,606,10.6
"5.6.2023 14:59:29",2,198,594,9.4
"5.6.2023 14:59:29",3,205,615,11.5
"5.6.2023 14:59:29",4,202,606,10.6
"5.6.2023 14:59:36",1,202,606,10.6
"5.6.2023 14:59:36",2,200,600,10
"5.6.2023 14:59:36",3,203,609,10.9
"5.6.2023 14:59:36",4,202,606,10.6
"5.6.2023 14:59:43",1,202,606,10.6
"5.6.2023 14:59:43",2,200,600,10
"5.6.2023 14:59:43",3,203,609,10.9
"5.6.2023 14:59:43",4,201,603,10.3
"5.6.2023 14:59:49",1,201,603,10.3
"5.6.2023 14:59:49",2,200,600,10
"5.6.2023 14:59:49",3,203,609,10.9
"5.6.2023 14:59:49",4,202,606,10.6
"5.6.2023 14:59:56",1,201,603,10.3
"5.6.2023 14:59:56",2,200,600,10
"5.6.2023 14:59:56",3,204,612,11.2
"5.6.2023 14:59:56",4,201,603,10.3
"5.6.2023 15:0:3",1,202,606,10.6
"5.6.2023 15:0:3",2,201,603,10.3
"5.6.2023 15:0:3",3,203,609,10.9
"5.6.2023 15:0:3",4,203,609,10.9
"5.6.2023 15:0:9",1,202,606,10.6
"5.6.2023 15:0:9",2,200,600,10
"5.6.2023 15:0:9",3,203,609,10.9
"5.6.2023 15:0:9",4,201,603,10.3
"5.6.2023 15:0:16",1,201,603,10.3
"5.6.2023 15:0:16",2,200,600,10
"5.6.2023 15:0:16",3,203,609,10.9
"5.6.2023 15:0:16",4,201,603,10.3
"5.6.2023 15:0:23",1,202,606,10.6
"5.6.2023 15:0:23",2,201,603,10.3
"5.6.2023 15:0:23",3,203,609,10.9
"5.6.2023 15:0:23",4,201,603,10.3
"5.6.2023 15:0:29",1,202,606,10.6
"5.6.2023 15:0:29",2,200,600,10
"5.6.2023 15:0:29",3,203,609,10.9
"5.6.2023 15:0:29",4,202,606,10.6
"5.6.2023 15:0:36",1,202,606,10.6
"5.6.2023 15:0:36",2,200,600,10
"5.6.2023 15:0:36",3,203,609,10.9
"5.6.2023 15:0:36",4,202,606,10.6
"5.6.2023 15:0:43",1,200,600,10
"5.6.2023 15:0:43",2,200,600,10
"5.6.2023 15:0:43",3,203,609,10.9
"5.6.2023 15:0:43",4,202,606,10.6
"5.6.2023 15:0:49",1,203,609,10.9
"5.6.2023 15:0:49",2,201,603,10.3
"5.6.2023 15:0:49",3,203,609,10.9
"5.6.2023 15:0:49",4,202,606,10.6
"5.6.2023 15:0:56",1,202,606,10.6
"5.6.2023 15:0:56",2,199,597,9.7
"5.6.2023 15:0:56",3,202,606,10.6
"5.6.2023 15:0:56",4,202,606,10.6
"5.6.2023 15:1:3",1,201,603,10.3
"5.6.2023 15:1:3",2,201,603,10.3
"5.6.2023 15:1:3",3,201,603,10.3
"5.6.2023 15:1:3",4,202,606,10.6
"5.6.2023 15:1:10",1,201,603,10.3
"5.6.2023 15:1:10",2,199,597,9.7
"5.6.2023 15:1:10",3,204,612,11.2
"5.6.2023 15:1:10",4,202,606,10.6
"5.6.2023 15:1:16",1,202,606,10.6
"5.6.2023 15:1:16",2,199,597,9.7
"5.6.2023 15:1:16",3,202,606,10.6
"5.6.2023 15:1:16",4,202,606,10.6
"5.6.2023 15:1:23",1,201,603,10.3
"5.6.2023 15:1:23",2,200,600,10
"5.6.2023 15:1:23",3,202,606,10.6
"5.6.2023 15:1:23",4,202,606,10.6
"5.6.2023 15:1:30",1,202,606,10.6
"5.6.2023 15:1:30",2,202,606,10.6
"5.6.2023 15:1:30",3,202,606,10.6
"5.6.2023 15:1:30",4,202,606,10.6
"5.6.2023 15:1:36",1,202,606,10.6
"5.6.2023 15:1:36",2,201,603,10.3
"5.6.2023 15:1:36",3,204,612,11.2
"5.6.2023 15:1:36",4,202,606,10.6
"5.6.2023 15:1:43",1,202,606,10.6
"5.6.2023 15:1:43",2,201,603,10.3
"5.6.2023 15:1:43",3,203,609,10.9
"5.6.2023 15:1:43",4,202,606,10.6
"5.6.2023 15:1:50",1,202,606,10.6
"5.6.2023 15:1:50",2,201,603,10.3
"5.6.2023 15:1:50",3,203,609,10.9
"5.6.2023 15:1:50",4,202,606,10.6
"5.6.2023 15:1:56",1,202,606,10.6
"5.6.2023 15:1:56",2,199,597,9.7
"5.6.2023 15:1:56",3,204,612,11.2
"5.6.2023 15:1:56",4,202,606,10.6
"5.6.2023 15:2:3",1,202,606,10.6
"5.6.2023 15:2:3",2,200,600,10
"5.6.2023 15:2:3",3,203,609,10.9
"5.6.2023 15:2:3",4,201,603,10.3
"5.6.2023 15:2:10",1,202,606,10.6
"5.6.2023 15:2:10",2,200,600,10
"5.6.2023 15:2:10",3,203,609,10.9
"5.6.2023 15:2:10",4,201,603,10.3
"5.6.2023 15:2:17",1,202,606,10.6
"5.6.2023 15:2:17",2,200,600,10
"5.6.2023 15:2:17",3,202,606,10.6
"5.6.2023 15:2:17",4,202,606,10.6
"5.6.2023 15:2:23",1,201,603,10.3
"5.6.2023 15:2:23",2,201,603,10.3
"5.6.2023 15:2:23",3,203,609,10.9
"5.6.2023 15:2:23",4,203,609,10.9
"5.6.2023 15:2:30",1,201,603,10.3
"5.6.2023 15:2:30",2,200,600,10
"5.6.2023 15:2:30",3,203,609,10.9
"5.6.2023 15:2:30",4,202,606,10.6
"5.6.2023 15:2:37",1,202,606,10.6
"5.6.2023 15:2:37",2,201,603,10.3
"5.6.2023 15:2:37",3,204,612,11.2
"5.6.2023 15:2:37",4,201,603,10.3
"5.6.2023 15:2:43",1,202,606,10.6
"5.6.2023 15:2:43",2,201,603,10.3
"5.6.2023 15:2:43",3,203,609,10.9
"5.6.2023 15:2:43",4,202,606,10.6
"5.6.2023 15:2:50",1,202,606,10.6
"5.6.2023 15:2:50",2,201,603,10.3
"5.6.2023 15:2:50",3,203,609,10.9
"5.6.2023 15:2:50",4,203,609,10.9
"5.6.2023 15:2:57",1,203,609,10.9
"5.6.2023 15:2:57",2,200,600,10
"5.6.2023 15:2:57",3,203,609,10.9
"5.6.2023 15:2:57",4,202,606,10.6
"5.6.2023 15:3:3",1,201,603,10.3
"5.6.2023 15:3:3",2,200,600,10
"5.6.2023 15:3:3",3,204,612,11.2
"5.6.2023 15:3:3",4,202,606,10.6
"5.6.2023 15:3:10",1,202,606,10.6
"5.6.2023 15:3:10",2,200,600,10
"5.6.2023 15:3:10",3,203,609,10.9
"5.6.2023 15:3:10",4,202,606,10.6
"5.6.2023 15:3:17",1,203,609,10.9
"5.6.2023 15:3:17",2,200,600,10
"5.6.2023 15:3:17",3,203,609,10.9
"5.6.2023 15:3:17",4,202,606,10.6
"5.6.2023 15:3:23",1,205,615,11.5
"5.6.2023 15:3:23",2,200,600,10
"5.6.2023 15:3:23",3,204,612,11.2
"5.6.2023 15:3:23",4,202,606,10.6
"5.6.2023 15:3:30",1,201,603,10.3
"5.6.2023 15:3:30",2,200,600,10
"5.6.2023 15:3:30",3,203,609,10.9
"5.6.2023 15:3:30",4,201,603,10.3
"5.6.2023 15:3:37",1,202,606,10.6
"5.6.2023 15:3:37",2,201,603,10.3
"5.6.2023 15:3:37",3,203,609,10.9
"5.6.2023 15:3:37",4,201,603,10.3
"5.6.2023 15:3:44",1,202,606,10.6
"5.6.2023 15:3:44",2,201,603,10.3
"5.6.2023 15:3:44",3,203,609,10.9
"5.6.2023 15:3:44",4,203,609,10.9
"5.6.2023 15:3:50",1,204,612,11.2
"5.6.2023 15:3:50",2,201,603,10.3
"5.6.2023 15:3:50",3,203,609,10.9
"5.6.2023 15:3:50",4,203,609,10.9
"5.6.2023 15:3:57",1,204,612,11.2
"5.6.2023 15:3:57",2,201,603,10.3
"5.6.2023 15:3:57",3,203,609,10.9
"5.6.2023 15:3:57",4,202,606,10.6
"5.6.2023 15:4:4",1,202,606,10.6
"5.6.2023 15:4:4",2,201,603,10.3
"5.6.2023 15:4:4",3,203,609,10.9
"5.6.2023 15:4:4",4,202,606,10.6
"5.6.2023 15:4:10",1,202,606,10.6
"5.6.2023 15:4:10",2,202,606,10.6
"5.6.2023 15:4:10",3,203,609,10.9
"5.6.2023 15:4:10",4,202,606,10.6
"5.6.2023 15:4:17",1,202,606,10.6
"5.6.2023 15:4:17",2,200,600,10
"5.6.2023 15:4:17",3,203,609,10.9
"5.6.2023 15:4:17",4,201,603,10.3
"5.6.2023 15:4:24",1,202,606,10.6
"5.6.2023 15:4:24",2,201,603,10.3
"5.6.2023 15:4:24",3,203,609,10.9
"5.6.2023 15:4:24",4,202,606,10.6
"5.6.2023 15:4:30",1,202,606,10.6
"5.6.2023 15:4:30",2,202,606,10.6
"5.6.2023 15:4:30",3,201,603,10.3
"5.6.2023 15:4:30",4,202,606,10.6
"5.6.2023 15:4:37",1,202,606,10.6
"5.6.2023 15:4:37",2,200,600,10
"5.6.2023 15:4:37",3,204,612,11.2
"5.6.2023 15:4:37",4,201,603,10.3
"5.6.2023 15:4:44",1,201,603,10.3
"5.6.2023 15:4:44",2,200,600,10
"5.6.2023 15:4:44",3,203,609,10.9
"5.6.2023 15:4:44",4,201,603,10.3
"5.6.2023 15:4:50",1,202,606,10.6
"5.6.2023 15:4:50",2,202,606,10.6
"5.6.2023 15:4:50",3,203,609,10.9
"5.6.2023 15:4:50",4,201,603,10.3
"5.6.2023 15:4:57",1,202,606,10.6
"5.6.2023 15:4:57",2,201,603,10.3
"5.6.2023 15:4:57",3,203,609,10.9
"5.6.2023 15:4:57",4,203,609,10.9
"5.6.2023 15:5:4",1,202,606,10.6
"5.6.2023 15:5:4",2,201,603,10.3
"5.6.2023 15:5:4",3,203,609,10.9
"5.6.2023 15:5:4",4,203,609,10.9
"5.6.2023 15:5:11",1,202,606,10.6
"5.6.2023 15:5:11",2,199,597,9.7
"5.6.2023 15:5:11",3,204,612,11.2
"5.6.2023 15:5:11",4,202,606,10.6
"5.6.2023 15:5:17",1,204,612,11.2
"5.6.2023 15:5:17",2,201,603,10.3
"5.6.2023 15:5:17",3,203,609,10.9
"5.6.2023 15:5:17",4,202,606,10.6
"5.6.2023 15:5:24",1,201,603,10.3
"5.6.2023 15:5:24",2,202,606,10.6
"5.6.2023 15:5:24",3,204,612,11.2
"5.6.2023 15:5:24",4,202,606,10.6
"5.6.2023 15:5:31",1,202,606,10.6
"5.6.2023 15:5:31",2,200,600,10
"5.6.2023 15:5:31",3,203,609,10.9
"5.6.2023 15:5:31",4,202,606,10.6
"5.6.2023 15:5:37",1,203,609,10.9
"5.6.2023 15:5:37",2,201,603,10.3
"5.6.2023 15:5:37",3,203,609,10.9
"5.6.2023 15:5:37",4,202,606,10.6
"5.6.2023 15:5:44",1,203,609,10.9
"5.6.2023 15:5:44",2,201,603,10.3
"5.6.2023 15:5:44",3,204,612,11.2
"5.6.2023 15:5:44",4,203,609,10.9
"5.6.2023 15:5:51",1,203,609,10.9
"5.6.2023 15:5:51",2,200,600,10
"5.6.2023 15:5:51",3,205,615,11.5
"5.6.2023 15:5:51",4,201,603,10.3
"5.6.2023 15:5:57",1,202,606,10.6
"5.6.2023 15:5:57",2,201,603,10.3
"5.6.2023 15:5:57",3,204,612,11.2
"5.6.2023 15:5:57",4,202,606,10.6
"5.6.2023 15:6:4",1,202,606,10.6
"5.6.2023 15:6:4",2,201,603,10.3
"5.6.2023 15:6:4",3,202,606,10.6
"5.6.2023 15:6:4",4,202,606,10.6
"5.6.2023 15:6:11",1,203,609,10.9
"5.6.2023 15:6:11",2,201,603,10.3
"5.6.2023 15:6:11",3,203,609,10.9
"5.6.2023 15:6:11",4,202,606,10.6
"5.6.2023 15:6:17",1,201,603,10.3
"5.6.2023 15:6:17",2,201,603,10.3
"5.6.2023 15:6:17",3,203,609,10.9
"5.6.2023 15:6:17",4,202,606,10.6
"5.6.2023 15:6:24",1,203,609,10.9
"5.6.2023 15:6:24",2,202,606,10.6
"5.6.2023 15:6:24",3,203,609,10.9
"5.6.2023 15:6:24",4,201,603,10.3
"5.6.2023 15:6:31",1,202,606,10.6
"5.6.2023 15:6:31",2,201,603,10.3
"5.6.2023 15:6:31",3,203,609,10.9
"5.6.2023 15:6:31",4,203,609,10.9
"5.6.2023 15:6:37",1,200,600,10
"5.6.2023 15:6:37",2,200,600,10
"5.6.2023 15:6:37",3,203,609,10.9
"5.6.2023 15:6:37",4,201,603,10.3
"5.6.2023 15:6:44",1,202,606,10.6
"5.6.2023 15:6:44",2,201,603,10.3
"5.6.2023 15:6:44",3,203,609,10.9
"5.6.2023 15:6:44",4,202,606,10.6
"5.6.2023 15:6:51",1,202,606,10.6
"5.6.2023 15:6:51",2,203,609,10.9
"5.6.2023 15:6:51",3,204,612,11.2
"5.6.2023 15:6:51",4,201,603,10.3
"5.6.2023 15:6:58",1,202,606,10.6
"5.6.2023 15:6:58",2,201,603,10.3
"5.6.2023 15:6:58",3,203,609,10.9
"5.6.2023 15:6:58",4,201,603,10.3
"5.6.2023 15:7:4",1,202,606,10.6
"5.6.2023 15:7:4",2,200,600,10
"5.6.2023 15:7:4",3,203,609,10.9
"5.6.2023 15:7:4",4,202,606,10.6
"5.6.2023 15:7:11",1,202,606,10.6
"5.6.2023 15:7:11",2,201,603,10.3
"5.6.2023 15:7:11",3,204,612,11.2
"5.6.2023 15:7:11",4,201,603,10.3
"5.6.2023 15:7:18",1,202,606,10.6
"5.6.2023 15:7:18",2,201,603,10.3
"5.6.2023 15:7:18",3,204,612,11.2
"5.6.2023 15:7:18",4,201,603,10.3
"5.6.2023 15:7:24",1,202,606,10.6
"5.6.2023 15:7:24",2,200,600,10
"5.6.2023 15:7:24",3,203,609,10.9
"5.6.2023 15:7:24",4,201,603,10.3
"5.6.2023 15:7:31",1,202,606,10.6
"5.6.2023 15:7:31",2,201,603,10.3
"5.6.2023 15:7:31",3,204,612,11.2
"5.6.2023 15:7:31",4,203,609,10.9
"5.6.2023 15:7:38",1,203,609,10.9
"5.6.2023 15:7:38",2,201,603,10.3
"5.6.2023 15:7:38",3,203,609,10.9
"5.6.2023 15:7:38",4,202,606,10.6
"5.6.2023 15:7:44",1,203,609,10.9
"5.6.2023 15:7:44",2,201,603,10.3
"5.6.2023 15:7:44",3,203,609,10.9
"5.6.2023 15:7:44",4,202,606,10.6
"5.6.2023 15:7:51",1,202,606,10.6
"5.6.2023 15:7:51",2,201,603,10.3
"5.6.2023 15:7:51",3,201,603,10.3
"5.6.2023 15:7:51",4,202,606,10.6
"5.6.2023 15:7:58",1,201,603,10.3
"5.6.2023 15:7:58",2,200,600,10
"5.6.2023 15:7:58",3,204,612,11.2
"5.6.2023 15:7:58",4,202,606,10.6
"5.6.2023 15:8:4",1,203,609,10.9
"5.6.2023 15:8:4",2,200,600,10
"5.6.2023 15:8:4",3,203,609,10.9
"5.6.2023 15:8:4",4,203,609,10.9
"5.6.2023 15:8:11",1,202,606,10.6
"5.6.2023 15:8:11",2,200,600,10
"5.6.2023 15:8:11",3,203,609,10.9
"5.6.2023 15:8:11",4,203,609,10.9
"5.6.2023 15:8:18",1,202,606,10.6
"5.6.2023 15:8:18",2,200,600,10
"5.6.2023 15:8:18",3,203,609,10.9
"5.6.2023 15:8:18",4,202,606,10.6
"5.6.2023 15:8:24",1,203,609,10.9
"5.6.2023 15:8:24",2,201,603,10.3
"5.6.2023 15:8:24",3,203,609,10.9
"5.6.2023 15:8:24",4,202,606,10.6
"5.6.2023 15:8:31",1,200,600,10
"5.6.2023 15:8:31",2,200,600,10
"5.6.2023 15:8:31",3,203,609,10.9
"5.6.2023 15:8:31",4,202,606,10.6
"5.6.2023 15:8:38",1,202,606,10.6
"5.6.2023 15:8:38",2,202,606,10.6
"5.6.2023 15:8:38",3,203,609,10.9
"5.6.2023 15:8:38",4,202,606,10.6
"5.6.2023 15:8:45",1,203,609,10.9
"5.6.2023 15:8:45",2,201,603,10.3
"5.6.2023 15:8:45",3,199,597,9.7
"5.6.2023 15:8:45",4,202,606,10.6
"5.6.2023 15:8:51",1,202,606,10.6
"5.6.2023 15:8:51",2,201,603,10.3
"5.6.2023 15:8:51",3,203,609,10.9
"5.6.2023 15:8:51",4,202,606,10.6
"5.6.2023 15:8:58",1,197,591,9.1
"5.6.2023 15:8:58",2,200,600,10
"5.6.2023 15:8:58",3,202,606,10.6
"5.6.2023 15:8:58",4,201,603,10.3
"5.6.2023 15:9:5",1,201,603,10.3
"5.6.2023 15:9:5",2,200,600,10
"5.6.2023 15:9:5",3,205,615,11.5
"5.6.2023 15:9:5",4,202,606,10.6
"5.6.2023 15:9:11",1,203,609,10.9
"5.6.2023 15:9:11",2,201,603,10.3
"5.6.2023 15:9:11",3,203,609,10.9
"5.6.2023 15:9:11",4,202,606,10.6
"5.6.2023 15:9:18",1,202,606,10.6
"5.6.2023 15:9:18",2,201,603,10.3
"5.6.2023 15:9:18",3,204,612,11.2
"5.6.2023 15:9:18",4,202,606,10.6
"5.6.2023 15:9:25",1,204,612,11.2
"5.6.2023 15:9:25",2,200,600,10
"5.6.2023 15:9:25",3,205,615,11.5
"5.6.2023 15:9:25",4,202,606,10.6
"5.6.2023 15:9:31",1,203,609,10.9
"5.6.2023 15:9:31",2,201,603,10.3
"5.6.2023 15:9:31",3,203,609,10.9
"5.6.2023 15:9:31",4,202,606,10.6
"5.6.2023 15:9:38",1,202,606,10.6
"5.6.2023 15:9:38",2,201,603,10.3
"5.6.2023 15:9:38",3,204,612,11.2
"5.6.2023 15:9:38",4,202,606,10.6
"5.6.2023 15:9:45",1,203,609,10.9
"5.6.2023 15:9:45",2,201,603,10.3
"5.6.2023 15:9:45",3,203,609,10.9
"5.6.2023 15:9:45",4,203,609,10.9
"5.6.2023 15:9:51",1,201,603,10.3
"5.6.2023 15:9:51",2,201,603,10.3
"5.6.2023 15:9:51",3,204,612,11.2
"5.6.2023 15:9:51",4,203,609,10.9
"5.6.2023 15:9:58",1,202,606,10.6
"5.6.2023 15:9:58",2,201,603,10.3
"5.6.2023 15:9:58",3,203,609,10.9
"5.6.2023 15:9:58",4,202,606,10.6
"5.6.2023 15:10:5",1,201,603,10.3
"5.6.2023 15:10:5",2,202,606,10.6
"5.6.2023 15:10:5",3,204,612,11.2
"5.6.2023 15:10:5",4,200,600,10
"5.6.2023 15:10:12",1,203,609,10.9
"5.6.2023 15:10:12",2,201,603,10.3
"5.6.2023 15:10:12",3,204,612,11.2
"5.6.2023 15:10:12",4,202,606,10.6
